                  epoch,             train/loss,  metrics/accuracy_top1,  metrics/accuracy_top5,               val/loss,                 lr/pg0,                 lr/pg1,                 lr/pg2
                      1,                0.54353,                0.92481,                      1,                0.43908,             0.00023657,             0.00023657,             0.00023657
                      2,                0.32286,                 0.9188,                      1,                0.40885,              0.0003806,              0.0003806,              0.0003806
                      3,                0.25765,                0.92932,                      1,                0.39942,             0.00043039,             0.00043039,             0.00043039
                      4,                0.22819,                0.92632,                      1,                   0.39,             0.00028988,             0.00028988,             0.00028988
                      5,                0.19358,                0.94135,                      1,                0.38173,             0.00014851,             0.00014851,             0.00014851
